url_path,views_total,views_unique
/DynamicsAndNeuralSystems/catch22,208,139
/DynamicsAndNeuralSystems/catch22/blob/main/README.md,9,7
/DynamicsAndNeuralSystems/catch22/tree/main/C,7,5
/DynamicsAndNeuralSystems/catch22/blob/main/catch22.m,6,5
/DynamicsAndNeuralSystems/catch22/issues/20,5,4
/DynamicsAndNeuralSystems/catch22/tree/main/img,5,2
/DynamicsAndNeuralSystems/catch22/blob/main/featureList.txt,3,3
/DynamicsAndNeuralSystems/catch22/issues,3,2
/DynamicsAndNeuralSystems/catch22/blob/main/C/main.c,3,1
/DynamicsAndNeuralSystems/catch22/blob/main/C/CO_AutoCorr.c,2,2
